{
  "workspace": "examplerun/workspace.root: wsp_lin", 
  "fitresult": {
    "EV1": [
      0.10740335523690892, 
      0.09502305452483428
    ], 
    "EV2": [
      -0.04128885024611639, 
      0.10647075758491953
    ], 
    "EV3": [
      -0.08444831271315945, 
      0.14366881063793835
    ], 
    "EV4": [
      0.43166287350419674, 
      0.17476904680350347
    ], 
    "EV5": [
      -0.43696963106862907, 
      0.21164952123260183
    ], 
    "EV6": [
      -0.2111599016337533, 
      0.46385682858091837
    ], 
    "EV7": [
      -0.4617494730863223, 
      0.7124120790344955
    ], 
    "EV8": [
      -0.7725626832149564, 
      0.7749695200792402
    ], 
    "EV9": [
      1.0349032150256212, 
      0.9426124556133819
    ], 
    "EV10": [
      -1.575985265166166, 
      1.167634424361927
    ], 
    "EV11": [
      -3.6724851590256207, 
      1.725725562042233
    ], 
    "EV12": [
      -2.710183465046505, 
      5.281712402762409
    ], 
    "EV13": [
      -12.16357293249707, 
      7.750976795690633
    ]
  }, 
  "correlationmatrix": [
    [
      1.0, 
      8.528167210108735e-07, 
      5.173723368375819e-06, 
      2.919414650149366e-06, 
      -2.6024290228456873e-06, 
      -1.7639174405353283e-06, 
      -1.1131773609844738e-06, 
      -1.4950346298515945e-06, 
      -9.136008194879528e-08, 
      4.096109831862382e-07, 
      -6.519667932755281e-07, 
      1.1990477090794437e-06, 
      7.638988356025322e-07
    ], 
    [
      8.528167210108735e-07, 
      1.0, 
      -9.801646425215046e-07, 
      3.9906978578908033e-07, 
      -6.154241890782455e-08, 
      4.152180048264244e-07, 
      8.577923728401486e-07, 
      1.8040185214811252e-08, 
      -7.571258994954594e-07, 
      1.2214330536626944e-06, 
      1.8225341960166881e-06, 
      -8.138705350501374e-08, 
      6.838025205013311e-07
    ], 
    [
      5.173723368375819e-06, 
      -9.801646425215046e-07, 
      1.0, 
      2.451879695057131e-06, 
      -3.0249996388920875e-06, 
      3.3510242557313136e-06, 
      8.207945948698075e-07, 
      -9.402041654372277e-07, 
      1.8949326754521402e-06, 
      1.411986794105672e-06, 
      3.6883845718668202e-06, 
      4.004427302784378e-06, 
      -2.3094678608764203e-06
    ], 
    [
      2.919414650149366e-06, 
      3.9906978578908033e-07, 
      2.451879695057131e-06, 
      1.0, 
      -1.9063243377585243e-06, 
      1.1560799156204522e-06, 
      4.2078647078560565e-07, 
      -9.005138291687923e-07, 
      -1.976524098186603e-07, 
      1.062233248897332e-06, 
      4.2359154737328115e-06, 
      3.1609446206430273e-06, 
      -2.005234753971632e-06
    ], 
    [
      -2.6024290228456873e-06, 
      -6.154241890782455e-08, 
      -3.0249996388920875e-06, 
      -1.9063243377585243e-06, 
      1.0, 
      -9.05598936147961e-07, 
      -8.173365017181523e-07, 
      4.210402286625287e-07, 
      4.2949369951045836e-07, 
      4.618029446548465e-07, 
      -3.244536603465193e-06, 
      -3.336135199112663e-06, 
      2.2544937054466393e-06
    ], 
    [
      -1.7639174405353283e-06, 
      4.152180048264244e-07, 
      3.3510242557313136e-06, 
      1.1560799156204522e-06, 
      -9.05598936147961e-07, 
      1.0, 
      -8.577293114290219e-07, 
      -1.7046033924001265e-06, 
      -2.5297099068685453e-07, 
      -1.4295250420465308e-07, 
      9.347621130392118e-09, 
      3.49783889311041e-07, 
      6.911879791191509e-07
    ], 
    [
      -1.1131773609844738e-06, 
      8.577923728401486e-07, 
      8.207945948698075e-07, 
      4.2078647078560565e-07, 
      -8.173365017181523e-07, 
      -8.577293114290219e-07, 
      1.0, 
      3.2481109751439532e-06, 
      -1.0815171720976821e-06, 
      -8.446790312431253e-07, 
      -8.372160376426563e-07, 
      3.315588317839971e-06, 
      1.3600182727754886e-06
    ], 
    [
      -1.4950346298515945e-06, 
      1.8040185214811252e-08, 
      -9.402041654372277e-07, 
      -9.005138291687923e-07, 
      4.210402286625287e-07, 
      -1.7046033924001265e-06, 
      3.2481109751439532e-06, 
      1.0, 
      4.129368297031219e-07, 
      1.2630580173871676e-06, 
      5.435245396877865e-07, 
      -4.39402838254278e-06, 
      2.5562735380239934e-07
    ], 
    [
      -9.136008194879528e-08, 
      -7.571258994954594e-07, 
      1.8949326754521402e-06, 
      -1.976524098186603e-07, 
      4.2949369951045836e-07, 
      -2.5297099068685453e-07, 
      -1.0815171720976821e-06, 
      4.129368297031219e-07, 
      1.0, 
      -8.639443127824001e-08, 
      -3.791559116551229e-07, 
      1.3034202773335563e-06, 
      -3.698632795647011e-07
    ], 
    [
      4.096109831862382e-07, 
      1.2214330536626944e-06, 
      1.411986794105672e-06, 
      1.062233248897332e-06, 
      4.618029446548465e-07, 
      -1.4295250420465308e-07, 
      -8.446790312431253e-07, 
      1.2630580173871676e-06, 
      -8.639443127824001e-08, 
      1.0, 
      1.32403875454738e-07, 
      4.056777474613649e-07, 
      -2.2129035455571685e-07
    ], 
    [
      -6.519667932755281e-07, 
      1.8225341960166881e-06, 
      3.6883845718668202e-06, 
      4.2359154737328115e-06, 
      -3.244536603465193e-06, 
      9.347621130392118e-09, 
      -8.372160376426563e-07, 
      5.435245396877865e-07, 
      -3.791559116551229e-07, 
      1.32403875454738e-07, 
      1.0, 
      1.3282797149930734e-06, 
      2.674080278127643e-06
    ], 
    [
      1.1990477090794437e-06, 
      -8.138705350501374e-08, 
      4.004427302784378e-06, 
      3.1609446206430273e-06, 
      -3.336135199112663e-06, 
      3.49783889311041e-07, 
      3.315588317839971e-06, 
      -4.39402838254278e-06, 
      1.3034202773335563e-06, 
      4.056777474613649e-07, 
      1.3282797149930734e-06, 
      1.0, 
      -1.4668775708107237e-06
    ], 
    [
      7.638988356025322e-07, 
      6.838025205013311e-07, 
      -2.3094678608764203e-06, 
      -2.005234753971632e-06, 
      2.2544937054466393e-06, 
      6.911879791191509e-07, 
      1.3600182727754886e-06, 
      2.5562735380239934e-07, 
      -3.698632795647011e-07, 
      -2.2129035455571685e-07, 
      2.674080278127643e-06, 
      -1.4668775708107237e-06, 
      1.0
    ]
  ]
}