{
  "workspace": "examplerun/workspace.root: wsp_lin", 
  "fitresult": {
    "EV1": [
      0.10740335523690892, 
      0.09502305452483428
    ], 
    "EV2": [
      -0.04128885024611639, 
      0.10647075758491953
    ], 
    "EV3": [
      -0.08444831271315945, 
      0.14366881063793835
    ], 
    "EV4": [
      0.43166287350419674, 
      0.17476904680350347
    ], 
    "EV5": [
      -0.43696963106862907, 
      0.21164952123260183
    ], 
    "EV6": [
      -0.2111599016337533, 
      0.46385682858091837
    ], 
    "EV7": [
      -0.4617494730863223, 
      0.7124120790344955
    ], 
    "EV8": [
      -0.7725626832149564, 
      0.7749695200792402
    ], 
    "EV9": [
      1.0349032150256212, 
      0.9426124556133819
    ], 
    "EV10": [
      -1.575985265166166, 
      1.167634424361927
    ], 
    "EV11": [
      -3.6724851590256207, 
      1.725725562042233
    ], 
    "EV12": [
      -2.710183465046505, 
      5.281712402762409
    ], 
    "EV13": [
      -12.16357293249707, 
      7.750976795690633
    ]
  }, 
  "correlationmatrix": [
    [
      1.0, 
      -0.2782967081408483, 
      0.38235250822429084, 
      0.012829872874753435, 
      -0.006340639053458555, 
      -0.012020024570556771, 
      -0.0003394198748244005, 
      0.017340227550648454, 
      -0.6932750817134258, 
      -0.21002185200058726, 
      0.0010357902350290964, 
      0.7328244497350465, 
      8.574793580666582e-05, 
      -0.721752906790503, 
      0.006881079844300838, 
      -0.3089006070301822, 
      -0.010966365535533087, 
      -0.8224365863961388, 
      -0.63745576915662, 
      0.26808272962163615, 
      0.030774425470177984, 
      0.35573242301068514, 
      0.34295885637212076, 
      -0.43169251526301317, 
      -0.33376743057018987
    ], 
    [
      -0.2782967081408483, 
      1.0, 
      -0.5062807815616834, 
      -0.009378093678571875, 
      -0.0036446657323854284, 
      -0.15490256512351092, 
      0.08211486873022844, 
      -0.5263210839182215, 
      0.5611836603610353, 
      0.16504667506518206, 
      0.0009089303756041503, 
      -0.2235513611739961, 
      1.2661871678784782e-06, 
      0.5099498782841065, 
      -0.006948449863746376, 
      -0.15534691291357108, 
      -0.24923356794150595, 
      0.3206901090210016, 
      -0.09899485217702604, 
      0.39102465130589464, 
      -0.4220205515380031, 
      -0.5537010820294288, 
      -0.4911719349858323, 
      0.6124242356376159, 
      0.46501867603958386
    ], 
    [
      0.38235250822429084, 
      -0.5062807815616834, 
      1.0, 
      0.012599094802186689, 
      0.004616727507874717, 
      0.20262178043958345, 
      -0.10757051018937099, 
      0.6898785127680722, 
      -0.7518862994150814, 
      -0.22128579788251898, 
      -0.0011685738732575212, 
      0.3106040979321828, 
      9.343468460040667e-06, 
      -0.685337552426004, 
      0.009636247341607845, 
      0.19525961399427272, 
      0.3271223281892384, 
      -0.43974862479004256, 
      0.1142590773696564, 
      -0.5057747332198625, 
      0.5536150393445907, 
      0.733989873179691, 
      0.6517662727269451, 
      -0.8127582976664797, 
      -0.6172801880517351
    ], 
    [
      0.012829872874753435, 
      -0.009378093678571875, 
      0.012599094802186689, 
      1.0, 
      -1.9969639374955112e-05, 
      0.0023883179876287124, 
      -0.001339689787593448, 
      0.008777267572230258, 
      -0.016948451650260096, 
      -0.005054350651796307, 
      -1.8912111495789324e-05, 
      0.011918737286206982, 
      -4.096316789018214e-06, 
      -0.016352332050956868, 
      0.0015218567490796109, 
      -0.0014475179659778196, 
      0.004532295398390836, 
      -0.014333261358186203, 
      -0.005562819779610962, 
      -0.0033800599411803038, 
      0.007254850562912301, 
      0.013071652386672147, 
      0.011908359503283672, 
      -0.014888591636678727, 
      -0.011376672790253721
    ], 
    [
      -0.006340639053458555, 
      -0.0036446657323854284, 
      0.004616727507874717, 
      -1.9969639374955112e-05, 
      1.0, 
      0.0036189674043598076, 
      -0.0018191445469796577, 
      0.011301421163985241, 
      -0.0006414016452081347, 
      -7.839242984563584e-05, 
      7.447835938649505e-06, 
      -0.007516876362885873, 
      3.031149053340836e-06, 
      0.0008348788010093903, 
      -0.003995819539507276, 
      0.009478368647123581, 
      0.004701560871040934, 
      0.006599166707365848, 
      0.012969784902293644, 
      -0.013114376791660318, 
      0.008731177056978822, 
      0.006116250214618541, 
      0.004953353780844486, 
      -0.006115922860735539, 
      -0.0045334126887348085
    ], 
    [
      -0.012020024570556771, 
      -0.15490256512351092, 
      0.20262178043958345, 
      0.0023883179876287124, 
      0.0036189674043598076, 
      1.0, 
      -0.0475344838961267, 
      0.3010902738084302, 
      -0.16240081157721875, 
      -0.04632601455182818, 
      -0.0007768743815341051, 
      -0.04341058430792048, 
      -1.936101226901368e-05, 
      -0.12805497807861987, 
      0.0034641334856603317, 
      0.17558249097991127, 
      0.1320233118171042, 
      0.0036770354464172998, 
      0.20744509832426458, 
      -0.2892709699349188, 
      0.2367607355075613, 
      0.23633616695741821, 
      0.20319553100687412, 
      -0.2523951321241986, 
      -0.19022968002615118
    ], 
    [
      -0.0003394198748244005, 
      0.08211486873022844, 
      -0.10757051018937099, 
      -0.001339689787593448, 
      -0.0018191445469796577, 
      -0.0475344838961267, 
      1.0, 
      -0.15493524329701217, 
      0.08963309394305712, 
      0.025670598530544642, 
      0.0003408857595380935, 
      0.01580491624306388, 
      1.2372298237149487e-05, 
      0.07218433605898111, 
      0.0030974889081386795, 
      -0.08723062654219342, 
      -0.068112407996813, 
      0.005318756700378432, 
      -0.10098314126724592, 
      0.14633714881580634, 
      -0.1220010125185188, 
      -0.12467659886876377, 
      -0.10751961725114939, 
      0.13360525284489533, 
      0.1007697790462005
    ], 
    [
      0.017340227550648454, 
      -0.5263210839182215, 
      0.6898785127680722, 
      0.008777267572230258, 
      0.011301421163985241, 
      0.3010902738084302, 
      -0.15493524329701217, 
      1.0, 
      -0.5824858260095671, 
      -0.16710601320946453, 
      -0.0024302569522186585, 
      -0.08503734323910815, 
      -5.872279236106076e-05, 
      -0.47235689894462873, 
      0.009099639026436731, 
      0.5460126566954528, 
      0.4322619829915894, 
      -0.05048090864560797, 
      0.6270260804867432, 
      -0.9221756713535153, 
      0.7740925008418971, 
      0.7977259747466933, 
      0.6887010069137011, 
      -0.8558981475745279, 
      -0.6457512526412492
    ], 
    [
      -0.6932750817134258, 
      0.5611836603610353, 
      -0.7518862994150814, 
      -0.016948451650260096, 
      -0.0006414016452081347, 
      -0.16240081157721875, 
      0.08963309394305712, 
      -0.5824858260095671, 
      1.0, 
      0.29250135120551357, 
      0.00040582508837855264, 
      -0.6334329781246837, 
      -5.239726232566942e-05, 
      0.9521476266349218, 
      -0.010162522307977344, 
      -0.06196526583197655, 
      -0.19705096960093738, 
      0.8076890170707312, 
      0.23353253662880769, 
      0.27976956689212945, 
      -0.4729970093331188, 
      -0.7890897207251151, 
      -0.7146063243643087, 
      0.89318660119078, 
      0.681385532468232
    ], 
    [
      -0.21002185200058726, 
      0.16504667506518206, 
      -0.22128579788251898, 
      -0.005054350651796307, 
      -7.839242984563584e-05, 
      -0.04632601455182818, 
      0.025670598530544642, 
      -0.16710601320946453, 
      0.29250135120551357, 
      1.0, 
      0.00013428692957170768, 
      -0.1928661265294055, 
      -1.367337272232624e-05, 
      0.28414704633275556, 
      -0.0059715950629333995, 
      -0.013695572632694863, 
      -0.05534636440186984, 
