{
  "nbins": 5, 
  "bf": [
    0.7999999999999999, 
    0.9174311926605504, 
    1.0416666666666667, 
    0.9433962264150944, 
    0.7518796992481203
  ], 
  "cov": [
    [
      0.011092597912477256, 
      0.011384251471329685, 
      0.007451665786015256, 
      0.002270072120104941, 
      0.003446816117259633
    ], 
    [
      0.011384251471329685, 
      0.01878128910594803, 
      0.014219233453937432, 
      0.0031297565530412665, 
      0.010998290850688864
    ], 
    [
      0.007451665786015256, 
      0.014219233453937432, 
      0.014208507294883517, 
      0.0069410135324633115, 
      0.01547669805828783
    ], 
    [
      0.002270072120104941, 
      0.0031297565530412665, 
      0.0069410135324633115, 
      0.022356038360271807, 
      0.017756316940704488
    ], 
    [
      0.003446816117259633, 
      0.010998290850688864, 
      0.01547669805828783, 
      0.017756316940704488, 
      0.04675850235659441
    ]
  ], 
  "sm": [
    0.22125, 
    0.2398, 
    0.13344, 
    0.052364, 
    0.011185300000000002
  ], 
  "bin_labels": [
    "pt_t_bin_0", 
    "pt_t_bin_1", 
    "pt_t_bin_2", 
    "pt_t_bin_3", 
    "pt_t_bin_4"
  ]
}