{
  "nbins": 12, 
  "bf": [
    1.288067898152771, 
    0.41019514137793706, 
    1.0261437908496733, 
    0.8583690987124463, 
    1.214374225526642, 
    0.8035714285714285, 
    0.9540954095409541, 
    0.4983108108108108, 
    0.9984276729559748, 
    1.8059381695745331, 
    -0.08990110878034163, 
    0.9723040659988215
  ], 
  "cov": [
    [
      0.07595113597109511, 
      -0.04476988686511906, 
      0.03766902980867832, 
      0.008032034280309016, 
      0.01810457103467931, 
      0.0072300231035794145, 
      0.013890176842749909, 
      0.00200651665457025, 
      0.0121048134029072, 
      0.024472778646956853, 
      -0.010698430358291919, 
      0.01336191005307525
    ], 
    [
      -0.04476988686511906, 
      0.11453949005614367, 
      -0.05263939176780019, 
      0.008966921213417038, 
      -0.0062530407086590295, 
      0.008878716126736455, 
      0.0027007887481045106, 
      0.004480129473314037, 
      0.003406591297467385, 
      3.853001384853428e-07, 
      0.010853162726122278, 
      3.8160194013413055e-07
    ], 
    [
      0.03766902980867832, 
      -0.05263939176780019, 
      0.05553651308422374, 
      0.008741441817746403, 
      0.01354623045147933, 
      0.004204078001311207, 
      0.01286743694318722, 
      -0.0011386627441269223, 
      0.010782240968832523, 
      0.021195220455224224, 
      -0.012330369444928177, 
      0.013020220399401402
    ], 
    [
      0.008032034280309016, 
      0.008966921213417038, 
      0.008741441817746403, 
      0.07019908680247845, 
      -0.05004085052358882, 
      0.03475427904634306, 
      0.015579487209378887, 
      0.00280587720398776, 
      0.014546774497866908, 
      0.030163884819316304, 
      -0.006707830522985428, 
      0.02001582454542994
    ], 
    [
      0.01810457103467931, 
      -0.0062530407086590295, 
      0.01354623045147933, 
      -0.05004085052358882, 
      0.16857852099519377, 
      -0.06893720031307583, 
      0.012761221044711857, 
      0.007337495207014806, 
      0.012961937993159395, 
      0.02898106571295592, 
      0.004920220423717239, 
      0.007870149685661557
    ], 
    [
      0.0072300231035794145, 
      0.008878716126736455, 
      0.004204078001311207, 
      0.03475427904634306, 
      -0.06893720031307583, 
      0.06882482191995896, 
      0.012120614131489705, 
      0.007292976016278219, 
      0.007441902346447885, 
      0.023296393498791243, 
      4.42789831815271e-07, 
      0.013902834648163451
    ], 
    [
      0.013890176842749909, 
      0.0027007887481045106, 
      0.01286743694318722, 
      0.015579487209378887, 
      0.012761221044711857, 
      0.012120614131489705, 
      0.17640820627632464, 
      -0.1473391663937979, 
      0.07878852641648806, 
      0.043991499116749454, 
      -0.007797891143142566, 
      0.030782628432184107
    ], 
    [
      0.00200651665457025, 
      0.004480129473314037, 
      -0.0011386627441269223, 
      0.00280587720398776, 
      0.007337495207014806, 
      0.007292976016278219, 
      -0.1473391663937979, 
      0.438092575927714, 
      -0.23015280286850345, 
      0.03843037881011864, 
      0.012288552322493172, 
      0.009701954879055036
    ], 
    [
      0.0121048134029072, 
      0.003406591297467385, 
      0.010782240968832523, 
      0.014546774497866908, 
      0.012961937993159395, 
      0.007441902346447885, 
      0.07878852641648806, 
      -0.23015280286850345, 
      0.20933384876659736, 
      0.036461901346451865, 
      7.722267120901618e-07, 
      0.01650831164591545
    ], 
    [
      0.024472778646956853, 
      3.853001384853428e-07, 
      0.021195220455224224, 
      0.030163884819316304, 
      0.02898106571295592, 
      0.023296393498791243, 
      0.043991499116749454, 
      0.03843037881011864, 
      0.036461901346451865, 
      1.2961136516676979, 
      -1.133701301393121, 
      0.48779583807293564
    ], 
    [
      -0.010698430358291919, 
      0.010853162726122278, 
      -0.012330369444928177, 
      -0.006707830522985428, 
      0.004920220423717239, 
      4.42789831815271e-07, 
      -0.007797891143142566, 
      0.012288552322493172, 
      7.722267120901618e-07, 
      -1.133701301393121, 
      2.8487227382442155, 
      -1.5414983399534532
    ], 
    [
      0.01336191005307525, 
      3.8160194013413055e-07, 
      0.013020220399401402, 
      0.02001582454542994, 
      0.007870149685661557, 
      0.013902834648163451, 
      0.030782628432184107, 
      0.009701954879055036, 
      0.01650831164591545, 
      0.48779583807293564, 
      -1.5414983399534532, 
      1.271352270232338
    ]
  ], 
  "sm": [
    0.2003, 
    0.2511, 
    0.306, 
    0.0699, 
    0.0807, 
    0.0896, 
    0.01111, 
    0.01184, 
    0.01272, 
    0.0003267, 
    0.0003337, 
    0.0003394
  ], 
  "bin_labels": [
    "WG_pt_0_phi_0", 
    "WG_pt_0_phi_1", 
    "WG_pt_0_phi_2", 
    "WG_pt_1_phi_0", 
    "WG_pt_1_phi_1", 
    "WG_pt_1_phi_2", 
    "WG_pt_2_phi_0", 
    "WG_pt_2_phi_1", 
    "WG_pt_2_phi_2", 
    "WG_pt_3_phi_0", 
    "WG_pt_3_phi_1", 
    "WG_pt_3_phi_2"
  ]
}