{
  "nbins": 5, 
  "bf": [
    0.7015195081587564, 
    0.9650605265773999, 
    1.0103331826253004, 
    0.9295280587949355, 
    0.7378515091405747
  ], 
  "cov": [
    [
      0.019823772628948574, 
      0.008143805685128692, 
      0.007301168842599575, 
      0.006310887075775973, 
      0.004405042386020061
    ], 
    [
      0.008143805685128692, 
      0.0074851475254108625, 
      0.006992112276425581, 
      0.004369775586610062, 
      0.007881452997679124
    ], 
    [
      0.007301168842599575, 
      0.006992112276425581, 
      0.009888739792914632, 
      0.010469024074551261, 
      0.013312068991694246
    ], 
    [
      0.006310887075775973, 
      0.004369775586610062, 
      0.010469024074551261, 
      0.02693539365818366, 
      0.020523854621803405
    ], 
    [
      0.004405042386020061, 
      0.007881452997679124, 
      0.013312068991694246, 
      0.020523854621803405, 
      0.04465621928711961
    ]
  ], 
  "sm": [
    0.02366292, 
    0.0653845, 
    0.0395909, 
    0.01312494, 
    0.002561491
  ], 
  "bin_labels": [
    "pt_t_bin_0", 
    "pt_t_bin_1", 
    "pt_t_bin_2", 
    "pt_t_bin_3", 
    "pt_t_bin_4"
  ]
}