{
  "nbins": 12, 
  "bf": [
    1.1047796927230698, 
    1.0741895801617594, 
    0.9745282911469987, 
    1.0146007299882664, 
    0.904011497160457, 
    0.9515292253964827, 
    0.881778314464092, 
    0.8870019659360847, 
    0.8546627191616665, 
    0.8163522945045363, 
    0.8850602581997578, 
    0.8385997332283928
  ], 
  "cov": [
    [
      0.005518835111292963, 
      0.0025770322541896758, 
      0.0033437286787084235, 
      0.0026815673663460296, 
      0.0030794163080581733, 
      0.002241689161806835, 
      0.0026101547472125886, 
      0.002220254698286416, 
      0.0026190094269239366, 
      0.0008457008259914122, 
      0.00323234480529554, 
      0.0017798180568272836
    ], 
    [
      0.0025770322541896758, 
      0.0042166650514987745, 
      0.0026934471285928745, 
      0.003300668315713127, 
      0.0024753112361621424, 
      0.0030424377445756852, 
      0.002412402485814858, 
      0.0021092694182701034, 
      0.0032859290787978553, 
      0.0019913050128503463, 
      0.00266632145599562, 
      0.002382473386347119
    ], 
    [
      0.0033437286787084235, 
      0.0026934471285928745, 
      0.003590861946601809, 
      0.0027292806286022685, 
      0.0028282937514806654, 
      0.002547046686819382, 
      0.002141312373803841, 
      0.002628370427464179, 
      0.0017258926574066874, 
      0.0027154411597277066, 
      0.0021064834649335224, 
      0.0023122806732009315
    ], 
    [
      0.0026815673663460296, 
      0.003300668315713127, 
      0.0027292806286022685, 
      0.0034463029551696205, 
      0.002535606190348932, 
      0.002724471638788913, 
      0.002571924021782076, 
      0.0023586653149072273, 
      0.0026740119497666495, 
      0.002271553869604973, 
      0.0023237496319971442, 
      0.002702986077473175
    ], 
    [
      0.0030794163080581733, 
      0.0024753112361621424, 
      0.0028282937514806654, 
      0.002535606190348932, 
      0.0032464789993060664, 
      0.0016136982293083251, 
      0.0031819923000551624, 
      0.001990262003752424, 
      0.002246847456360736, 
      0.0022327413607621392, 
      0.0024235119935754703, 
      0.0015832626433167874
    ], 
    [
      0.002241689161806835, 
      0.0030424377445756852, 
      0.002547046686819382, 
      0.002724471638788913, 
      0.0016136982293083251, 
      0.0036148510694016677, 
      0.0006907034481705798, 
      0.0023433690872087225, 
      0.00289241531037743, 
      0.0005180977500182568, 
      0.003296206322339474, 
      0.0021219178152644047
    ], 
    [
      0.0026101547472125886, 
      0.002412402485814858, 
      0.002141312373803841, 
      0.002571924021782076, 
      0.0031819923000551624, 
      0.0006907034481705798, 
      0.005313594165873233, 
      0.0011280598296617725, 
      0.002564804444990425, 
      0.0037866974622456483, 
      0.001831453268315364, 
      0.0016670165769736216
    ], 
    [
      0.002220254698286416, 
      0.0021092694182701034, 
      0.002628370427464179, 
      0.0023586653149072273, 
      0.001990262003752424, 
      0.0023433690872087225, 
      0.0011280598296617725, 
      0.0038135444849901386, 
      -0.00039546186371838626, 
      0.003745660303391048, 
      0.0005450694750829735, 
      0.003229974019184513
    ], 
    [
      0.0026190094269239366, 
      0.0032859290787978553, 
      0.0017258926574066874, 
      0.0026740119497666495, 
      0.002246847456360736, 
      0.00289241531037743, 
      0.002564804444990425, 
      -0.00039546186371838626, 
      0.00905735758267371, 
      -0.005668626696250322, 
      0.008590053866809867, 
      -0.0014606494550261986
    ], 
    [
      0.0008457008259914122, 
      0.0019913050128503463, 
      0.0027154411597277066, 
      0.002271553869604973, 
      0.0022327413607621392, 
      0.0005180977500182568, 
      0.0037866974622456483, 
      0.003745660303391048, 
      -0.005668626696250322, 
      0.0173278920852515, 
      -0.009585851314215415, 
      0.009047827481863103
    ], 
    [
      0.00323234480529554, 
      0.00266632145599562, 
      0.0021064834649335224, 
      0.0023237496319971442, 
      0.0024235119935754703, 
      0.003296206322339474, 
      0.001831453268315364, 
      0.0005450694750829735, 
      0.008590053866809867, 
      -0.009585851314215415, 
      0.013899062469691902, 
      -0.004382431430497603
    ], 
    [
      0.0017798180568272836, 
      0.002382473386347119, 
      0.0023122806732009315, 
      0.002702986077473175, 
      0.0015832626433167874, 
      0.0021219178152644047, 
      0.0016670165769736216, 
      0.003229974019184513, 
      -0.0014606494550261986, 
      0.009047827481863103, 
      -0.004382431430497603, 
      0.009074160727103688
    ]
  ], 
  "sm": [
    0.1367431, 
    0.3326424, 
    0.3777171, 
    0.3109913, 
    0.2158446, 
    0.1388775, 
    0.08559521, 
    0.04874014, 
    0.02581884, 
    0.01362451, 
    0.006528821, 
    0.001161293
  ], 
  "bin_labels": [
    "pt_tlep_bin_0", 
    "pt_tlep_bin_1", 
    "pt_tlep_bin_2", 
    "pt_tlep_bin_3", 
    "pt_tlep_bin_4", 
    "pt_tlep_bin_5", 
    "pt_tlep_bin_6", 
    "pt_tlep_bin_7", 
    "pt_tlep_bin_8", 
    "pt_tlep_bin_9", 
    "pt_tlep_bin_10", 
    "pt_tlep_bin_11"
  ]
}